{"stats":{"minecraft:custom":{"minecraft:time_since_rest":5967,"minecraft:crouch_one_cm":243,"minecraft:sprint_one_cm":429,"minecraft:play_time":5967,"minecraft:damage_taken":30,"minecraft:walk_one_cm":15819,"minecraft:sneak_time":60,"minecraft:mob_kills":4,"minecraft:jump":32,"minecraft:damage_dealt":320,"minecraft:leave_game":1,"minecraft:time_since_death":5967,"minecraft:total_world_time":5967,"minecraft:fall_one_cm":1028,"minecraft:interact_with_crafting_table":1,"minecraft:fly_one_cm":443},"minecraft:crafted":{"minecraft:oak_planks":44,"minecraft:crafting_table":1,"minecraft:stick":4,"minecraft:wooden_axe":1},"minecraft:killed":{"minecraft:sheep":4},"minecraft:mined":{"minecraft:grass":4,"minecraft:oak_log":11,"minecraft:crafting_table":1},"minecraft:picked_up":{"minecraft:stick":2,"minecraft:crafting_table":1,"minecraft:brown_wool":1,"minecraft:oak_log":11,"minecraft:mutton":7,"minecraft:white_wool":3},"minecraft:used":{"minecraft:wooden_axe":12,"minecraft:crafting_table":1,"minecraft:brown_wool":1}},"DataVersion":3465}