{"stats":{"minecraft:crafted":{"minecraft:dark_oak_planks":20,"minecraft:crafting_table":1,"minecraft:stick":8},"minecraft:mined":{"minecraft:dark_oak_log":5,"minecraft:oak_leaves":1},"minecraft:custom":{"minecraft:jump":9,"minecraft:time_since_rest":4470,"minecraft:leave_game":1,"minecraft:sprint_one_cm":2629,"minecraft:play_time":4470,"minecraft:time_since_death":4470,"minecraft:walk_one_cm":7726,"minecraft:total_world_time":4470,"minecraft:fly_one_cm":404},"minecraft:picked_up":{"minecraft:dark_oak_log":5}},"DataVersion":3465}