{"stats":{"minecraft:mined":{"minecraft:grass":2,"minecraft:oak_log":4,"minecraft:sugar_cane":2,"minecraft:oak_leaves":3},"minecraft:custom":{"minecraft:jump":26,"minecraft:time_since_rest":1665,"minecraft:play_time":16000,"minecraft:leave_game":5,"minecraft:sprint_one_cm":2191,"minecraft:deaths":1,"minecraft:time_since_death":1639,"minecraft:walk_one_cm":5327,"minecraft:sneak_time":72,"minecraft:total_world_time":16000,"minecraft:fall_one_cm":209,"minecraft:fly_one_cm":28924},"minecraft:picked_up":{"minecraft:oak_log":4,"minecraft:sugar_cane":5},"minecraft:used":{"minecraft:oak_leaves":9,"minecraft:grass":1,"minecraft:grass_block":2}},"DataVersion":3465}