{"stats":{"minecraft:picked_up":{"minecraft:crafting_table":4,"minecraft:magma_block":1,"minecraft:andesite":2,"minecraft:leather":18,"minecraft:brown_wool":1,"minecraft:oak_log":4,"minecraft:dirt":77,"minecraft:kelp":133,"minecraft:beef":36,"minecraft:acacia_sapling":4,"minecraft:oak_planks":1,"minecraft:furnace":2,"minecraft:stick":1,"minecraft:raw_iron":40,"minecraft:acacia_log":30,"minecraft:white_bed":2,"mekanism:raw_osmium":4,"minecraft:rotten_flesh":1,"minecraft:granite":2,"minecraft:oak_sapling":1,"minecraft:mutton":13,"minecraft:coal":2,"minecraft:white_wool":7,"minecraft:cobblestone":36},"minecraft:custom":{"minecraft:interact_with_furnace":12,"minecraft:mob_kills":25,"minecraft:interact_with_crafting_table":8,"minecraft:leave_game":1,"minecraft:time_since_death":32668,"minecraft:sleep_in_bed":2,"minecraft:time_since_rest":6594,"minecraft:sprint_one_cm":53587,"minecraft:damage_taken":680,"minecraft:walk_one_cm":88095,"minecraft:drop":1,"minecraft:damage_dealt":2912,"minecraft:swim_one_cm":25275,"minecraft:fly_one_cm":132036,"minecraft:open_chest":6,"minecraft:crouch_one_cm":1429,"minecraft:play_time":32668,"minecraft:sneak_time":679,"minecraft:walk_under_water_one_cm":9701,"minecraft:jump":648,"minecraft:walk_on_water_one_cm":12504,"minecraft:total_world_time":32668,"minecraft:fall_one_cm":19382},"minecraft:mined":{"minecraft:acacia_leaves":5,"mekanism:osmium_ore":4,"minecraft:white_bed":2,"minecraft:kelp_plant":21,"minecraft:crafting_table":4,"minecraft:granite":2,"minecraft:acacia_log":31,"minecraft:grass_block":9,"minecraft:tall_grass":2,"minecraft:kelp":4,"minecraft:seagrass":2,"minecraft:magma_block":1,"minecraft:furnace":2,"minecraft:iron_ore":40,"minecraft:andesite":1,"minecraft:grass":8,"minecraft:oak_log":4,"minecraft:coal_ore":2,"minecraft:dirt":68,"minecraft:stone":35,"minecraft:oak_leaves":4},"minecraft:dropped":{"minecraft:rotten_flesh":1},"minecraft:used":{"minecraft:cooked_mutton":6,"minecraft:acacia_trapdoor":2,"minecraft:stone_shovel":56,"minecraft:stone_pickaxe":81,"minecraft:chest":2,"minecraft:wooden_pickaxe":6,"minecraft:torch":4,"minecraft:dirt":4,"minecraft:crafting_table":5,"minecraft:white_bed":3,"minecraft:acacia_sapling":3,"minecraft:granite":2,"minecraft:brown_wool":1,"minecraft:stone_axe":91,"minecraft:furnace":3,"minecraft:oak_sapling":1,"minecraft:andesite":2,"minecraft:cooked_beef":5},"minecraft:crafted":{"minecraft:cooked_beef":14,"minecraft:oak_planks":16,"minecraft:stone_shovel":1,"minecraft:crafting_table":1,"minecraft:wooden_pickaxe":1,"minecraft:acacia_trapdoor":2,"minecraft:furnace":1,"minecraft:stone_axe":1,"minecraft:cooked_mutton":2,"minecraft:air":0,"minecraft:charcoal":2,"minecraft:stick":16,"minecraft:stone_pickaxe":1,"minecraft:chest":2,"minecraft:white_bed":1,"minecraft:acacia_planks":36,"minecraft:torch":8},"minecraft:killed":{"minecraft:creeper":1,"minecraft:sheep":8,"minecraft:zombie":2,"minecraft:cow":14}},"DataVersion":3465}