{"stats":{"minecraft:custom":{"minecraft:time_since_rest":12629,"minecraft:interact_with_furnace":1,"minecraft:play_time":12629,"minecraft:sprint_one_cm":17758,"minecraft:walk_one_cm":33692,"minecraft:sneak_time":69,"minecraft:walk_under_water_one_cm":5194,"minecraft:mob_kills":2,"minecraft:jump":133,"minecraft:damage_dealt":130,"minecraft:leave_game":1,"minecraft:walk_on_water_one_cm":1849,"minecraft:time_since_death":12629,"minecraft:total_world_time":12629,"minecraft:swim_one_cm":4056,"minecraft:interact_with_crafting_table":4,"minecraft:fall_one_cm":1165,"minecraft:fly_one_cm":8394},"minecraft:mined":{"minecraft:grass":3,"minecraft:oak_log":26,"minecraft:stone":15,"minecraft:oak_leaves":4,"minecraft:crafting_table":1},"minecraft:killed":{"minecraft:pig":1,"minecraft:salmon":1},"minecraft:crafted":{"minecraft:furnace":1,"minecraft:oak_planks":24,"minecraft:crafting_table":1,"minecraft:stone_axe":1,"minecraft:stick":8,"minecraft:wooden_pickaxe":1,"minecraft:stone_pickaxe":1},"minecraft:picked_up":{"minecraft:crafting_table":1,"minecraft:salmon":1,"minecraft:wheat_seeds":1,"minecraft:porkchop":3,"minecraft:oak_log":26,"minecraft:cobblestone":15},"minecraft:used":{"minecraft:stone_axe":27,"minecraft:crafting_table":2,"minecraft:furnace":1,"minecraft:stone_pickaxe":12,"minecraft:wooden_pickaxe":3}},"DataVersion":3465}