{"stats":{"minecraft:custom":{"minecraft:jump":82,"minecraft:leave_game":1,"minecraft:time_since_rest":5324,"minecraft:walk_on_water_one_cm":190,"minecraft:sprint_one_cm":382,"minecraft:crouch_one_cm":811,"minecraft:damage_taken":30,"minecraft:play_time":5324,"minecraft:time_since_death":5324,"minecraft:walk_one_cm":20678,"minecraft:sneak_time":204,"minecraft:total_world_time":5324,"minecraft:walk_under_water_one_cm":513,"minecraft:fall_one_cm":1506,"minecraft:fly_one_cm":271},"minecraft:mined":{"minecraft:grass_block":8,"minecraft:grass":3,"minecraft:oak_log":15,"minecraft:oak_leaves":2,"minecraft:dirt":10},"minecraft:picked_up":{"minecraft:oak_log":15,"immersiveengineering:seed":1,"minecraft:dirt":18},"minecraft:used":{"minecraft:dirt":18}},"DataVersion":3465}